date,revenue,order_id
2023-01-01,3189.86,O04117
2023-01-01,3917.86,O05881
2023-01-01,2674.18,O05143
2023-01-01,3153.04,O05942
2023-01-01,3458.79,O07180
2023-01-01,3171.67,O08818
2023-01-01,2446.94,O07377
2023-01-01,2677.92,O03216
2023-01-01,2431.49,O06565
2023-01-01,2327.15,O00112
2023-01-01,2603.34,O01309
2023-01-01,2750.61,O08148
2023-01-01,3118.92,O07443
2023-01-01,3268.14,O04182
2023-01-01,3225.72,O00211
2023-01-01,2999.42,O09576
2023-01-01,3091.04,O00938
2023-01-01,3042.5,O07766
2023-01-01,2880.84,O07955
2023-01-01,2754.73,O05178
2023-02-01,3126.49,O05244
2023-02-01,2801.05,O00119
2023-02-01,2801.33,O09114
2023-02-01,3293.65,O01008
2023-02-01,3023.59,O09268
2023-02-01,3242.56,O05429
2023-02-01,2831.87,O01589
2023-02-01,3306.37,O05738
2023-02-01,2838.87,O01998
2023-02-01,3012.35,O06507
2023-02-01,3342.78,O09348
2023-02-01,2640.26,O05057
2023-02-01,3163.16,O06800
2023-02-01,3566.38,O07099
2023-02-01,2999.66,O01744
2023-02-01,3107.21,O06135
2023-02-01,3583.38,O07180
2023-02-01,3549.29,O06062
2023-02-01,2694.07,O04974
2023-02-01,2783.4,O00607
2023-03-01,3067.29,O02058
2023-03-01,2806.66,O06103
2023-03-01,2797.13,O01402
2023-03-01,3240.22,O03095
2023-03-01,3083.05,O00498
2023-03-01,2906.51,O04728
2023-03-01,2776.17,O08543
2023-03-01,3353.46,O09791
2023-03-01,3316.92,O06401
2023-03-01,2178.14,O05940
2023-03-01,2469.91,O00698
2023-03-01,2879.62,O00845
2023-03-01,2774.78,O05341
2023-03-01,3379.55,O01108
2023-03-01,3007.33,O02581
2023-03-01,2960.37,O02929
2023-03-01,3068.15,O04488
2023-03-01,3126.74,O06981
2023-03-01,3217.81,O07692
2023-03-01,2649.1,O09480
2023-04-01,3226.46,O04357
2023-04-01,2901.56,O02347
2023-04-01,2245.17,O05926
2023-04-01,2694.56,O04742
2023-04-01,3159.37,O04149
2023-04-01,3055.31,O01413
2023-04-01,3585.28,O00046
2023-04-01,2991.77,O06023
2023-04-01,3091.33,O03779
2023-04-01,3008.5,O00645
2023-04-01,2520.02,O01499
2023-04-01,2795.52,O09852
2023-04-01,3609.42,O09113
2023-04-01,3308.42,O00050
2023-04-01,2984.01,O08978
2023-04-01,2824.79,O03797
2023-04-01,3035.74,O04449
2023-04-01,2764.72,O04473
2023-04-01,2962.49,O06806
2023-04-01,3689.9,O09185
2023-05-01,2973.08,O04878
2023-05-01,2941.31,O00976
2023-05-01,3077.79,O06073
2023-05-01,2865.88,O06145
2023-05-01,3063.16,O08437
2023-05-01,3066.59,O02156
2023-05-01,3415.12,O08023
2023-05-01,3488.22,O04419
2023-05-01,2982.29,O03195
2023-05-01,2854.38,O03739
2023-05-01,2770.06,O06512
2023-05-01,3699.31,O01820
2023-05-01,3245.83,O03167
2023-05-01,3374.71,O00163
2023-05-01,3206.31,O05391
2023-05-01,2535.65,O07235
2023-05-01,2920.39,O06577
2023-05-01,2407.9,O03375
2023-05-01,3318.1,O07730
2023-05-01,3221.89,O02673
2023-06-01,3707.93,O02497
2023-06-01,2873.65,O06592
2023-06-01,3035.6,O05395
2023-06-01,2829.99,O03163
2023-06-01,2810.71,O07455
2023-06-01,3113.59,O05468
2023-06-01,2386.58,O03902
2023-06-01,3450.37,O09644
2023-06-01,3120.58,O02650
2023-06-01,2948.88,O00836
2023-06-01,3003.97,O09383
2023-06-01,2592.52,O09531
2023-06-01,2747.72,O07061
2023-06-01,2970.05,O07607
2023-06-01,3171.56,O05796
2023-06-01,3107.14,O03315
2023-06-01,3327.48,O00236
2023-06-01,3041.73,O09376
2023-06-01,2971.23,O03757
2023-06-01,2978.4,O07111
2023-07-01,3377.91,O04752
2023-07-01,2733.06,O06324
2023-07-01,2852.33,O08111
2023-07-01,2887.95,O02706
2023-07-01,3145.59,O09184
2023-07-01,3266.69,O03324
2023-07-01,3427.07,O00625
2023-07-01,2719.73,O01904
2023-07-01,2728.94,O02530
2023-07-01,2864.65,O01289
2023-07-01,2658.5,O01245
2023-07-01,2857.65,O04268
2023-07-01,2798.45,O06921
2023-07-01,3353.54,O00430
2023-07-01,3059.77,O05711
2023-07-01,3051.15,O08429
2023-07-01,2912.98,O00386
2023-07-01,3076.95,O03765
2023-07-01,3130.58,O04661
2023-07-01,2746.4,O09959
2023-08-01,3257.71,O04058
2023-08-01,2528.67,O06394
2023-08-01,3231.21,O01479
2023-08-01,2742.85,O08583
2023-08-01,2997.32,O01651
2023-08-01,2622.36,O05985
2023-08-01,3314.41,O03959
2023-08-01,2667.36,O01862
2023-08-01,3068.84,O08522
2023-08-01,2858.75,O00570
2023-08-01,3221.8,O07762
2023-08-01,2728.39,O09821
2023-08-01,3046.22,O00548
2023-08-01,3371.45,O07148
2023-08-01,2800.48,O02317
2023-08-01,2764.76,O00962
2023-08-01,3547.86,O08022
2023-08-01,3398.54,O06041
2023-08-01,2803.05,O01740
2023-08-01,3177.4,O07107
2023-09-01,2695.2,O03411
2023-09-01,3234.35,O00402
2023-09-01,3315.79,O06977
2023-09-01,3013.4,O00044
2023-09-01,3227.51,O07596
2023-09-01,2611.95,O02573
2023-09-01,2756.11,O00263
2023-09-01,3364.64,O00577
2023-09-01,3484.79,O01461
2023-09-01,3086.19,O08640
2023-09-01,3224.64,O02908
2023-09-01,2954.03,O01950
2023-09-01,2752.76,O04865
2023-09-01,3100.06,O06998
2023-09-01,3055.65,O02568
2023-09-01,3163.83,O05549
2023-09-01,3072.79,O05688
2023-09-01,2987.2,O09317
2023-09-01,3123.87,O08126
2023-09-01,3110.91,O09165
2023-10-01,3200.53,O08481
2023-10-01,3015.55,O04167
2023-10-01,2812.92,O02115
2023-10-01,2662.52,O01095
2023-10-01,3379.73,O01742
2023-10-01,3161.23,O07012
2023-10-01,3591.66,O06735
2023-10-01,3909.53,O01465
2023-10-01,2931.74,O08178
2023-10-01,2880.67,O02806
2023-10-01,3111.7,O05391
2023-10-01,2965.83,O08118
2023-10-01,3533.02,O01881
2023-10-01,3081.15,O01390
2023-10-01,2727.3,O04658
2023-10-01,2959.79,O01948
2023-10-01,2817.53,O01681
2023-10-01,3801.53,O04393
2023-10-01,2920.96,O03664
2023-10-01,2790.53,O01000
2023-11-01,2984.53,O04485
2023-11-01,3166.44,O09540
2023-11-01,3202.98,O07172
2023-11-01,3102.13,O03221
2023-11-01,2737.18,O07131
2023-11-01,2724.69,O09190
2023-11-01,2643.48,O08819
2023-11-01,3206.58,O05562
2023-11-01,3293.0,O06123
2023-11-01,3233.04,O08793
2023-11-01,2471.61,O05118
2023-11-01,3053.14,O05530
2023-11-01,3188.13,O06747
2023-11-01,2703.88,O00374
2023-11-01,2550.59,O08097
2023-11-01,3169.48,O03087
2023-11-01,3207.03,O00045
2023-11-01,2705.67,O00794
2023-11-01,2783.03,O00145
2023-11-01,2591.38,O04770
2023-12-01,2573.38,O04993
2023-12-01,3025.88,O01888
2023-12-01,2645.82,O03250
2023-12-01,3317.57,O01402
2023-12-01,2609.47,O01733
2023-12-01,3307.43,O06416
2023-12-01,2874.52,O05550
2023-12-01,3349.05,O08197
2023-12-01,2908.14,O01421
2023-12-01,3128.69,O03238
2023-12-01,2897.15,O04745
2023-12-01,3096.13,O00337
2023-12-01,3306.26,O01601
2023-12-01,3012.36,O01907
2023-12-01,2981.55,O01367
2023-12-01,2692.45,O04210
2023-12-01,3305.09,O04630
2023-12-01,2604.92,O03527
2023-12-01,3362.48,O05455
2023-12-01,3300.55,O04915
2024-01-01,3428.1,O03701
2024-01-01,2501.55,O07562
2024-01-01,2446.76,O01323
2024-01-01,2822.41,O00265
2024-01-01,2725.63,O04460
2024-01-01,3184.68,O02559
2024-01-01,2564.17,O02059
2024-01-01,3452.96,O00255
2024-01-01,2677.41,O01162
2024-01-01,2854.58,O09333
2024-01-01,3163.74,O07859
2024-01-01,3222.38,O06166
2024-01-01,3272.75,O01925
2024-01-01,3334.1,O07374
2024-01-01,2744.19,O07915
2024-01-01,3077.47,O03112
2024-01-01,3145.54,O07973
2024-01-01,2746.86,O07076
2024-01-01,2595.04,O02003
2024-01-01,3055.75,O08468
2024-02-01,3344.81,O08873
2024-02-01,2578.45,O05064
2024-02-01,3289.84,O04829
2024-02-01,3102.6,O02750
2024-02-01,2805.76,O04506
2024-02-01,2737.03,O03667
2024-02-01,2898.77,O05627
2024-02-01,2672.35,O08830
2024-02-01,3099.16,O01877
2024-02-01,2852.86,O03401
2024-02-01,3118.54,O01919
2024-02-01,2988.32,O01035
2024-02-01,2906.09,O08286
2024-02-01,3324.44,O07954
2024-02-01,2902.13,O03294
2024-02-01,2886.84,O03927
2024-02-01,2424.96,O08945
2024-02-01,3288.33,O00388
2024-02-01,2367.01,O02996
2024-02-01,2880.08,O03563
2024-03-01,3523.09,O05642
2024-03-01,2832.85,O06779
2024-03-01,3391.35,O01784
2024-03-01,3302.73,O03462
2024-03-01,2592.34,O01255
2024-03-01,2878.16,O03147
2024-03-01,2691.45,O03292
2024-03-01,3083.2,O06473
2024-03-01,2851.58,O00024
2024-03-01,2825.1,O08926
2024-03-01,3186.11,O00121
2024-03-01,2981.72,O01632
2024-03-01,2867.59,O06116
2024-03-01,3165.08,O00102
2024-03-01,3618.54,O02971
2024-03-01,3292.8,O09541
2024-03-01,3926.55,O04826
2024-03-01,3145.39,O09223
2024-03-01,3211.2,O05620
2024-03-01,2866.83,O06852
2024-04-01,2848.15,O05225
2024-04-01,2947.75,O04392
2024-04-01,3041.47,O03970
2024-04-01,3258.95,O06985
2024-04-01,2951.48,O02472
2024-04-01,3340.58,O07403
2024-04-01,3232.17,O07296
2024-04-01,2906.05,O01102
2024-04-01,3049.65,O08514
2024-04-01,3273.03,O00689
2024-04-01,3085.17,O04978
2024-04-01,3019.24,O09071
2024-04-01,2797.84,O04123
2024-04-01,3005.7,O05158
2024-04-01,2989.6,O07233
2024-04-01,2880.75,O01008
2024-04-01,3016.86,O05400
2024-04-01,2925.95,O05111
2024-04-01,3146.4,O06173
2024-04-01,2511.59,O02321
2024-05-01,2895.55,O07156
2024-05-01,3506.27,O00573
2024-05-01,3234.64,O04992
2024-05-01,2930.29,O03423
2024-05-01,3076.99,O03458
2024-05-01,3161.79,O01542
2024-05-01,2724.89,O08723
2024-05-01,3126.1,O08783
2024-05-01,3247.7,O07272
2024-05-01,2896.45,O05625
2024-05-01,2188.85,O04480
2024-05-01,3377.95,O02479
2024-05-01,2842.68,O09901
2024-05-01,3049.68,O03288
2024-05-01,2983.22,O05947
2024-05-01,3064.65,O05962
2024-05-01,2721.5,O00471
2024-05-01,2615.44,O00405
2024-05-01,3009.0,O01486
2024-05-01,3090.93,O03367
2024-06-01,3037.41,O02630
2024-06-01,2539.12,O03281
2024-06-01,2556.84,O08126
2024-06-01,2997.52,O05592
2024-06-01,2817.53,O01590
2024-06-01,2916.23,O09907
2024-06-01,2710.5,O01989
2024-06-01,3067.76,O09022
2024-06-01,3097.47,O02575
2024-06-01,2799.33,O04511
2024-06-01,2977.96,O03864
2024-06-01,2992.97,O02882
2024-06-01,2849.81,O00705
2024-06-01,2846.75,O06196
2024-06-01,2677.89,O07938
2024-06-01,2761.3,O09666
2024-06-01,2685.87,O07934
2024-06-01,3180.33,O05523
2024-06-01,2728.84,O06889
2024-06-01,2442.53,O04323
2024-07-01,2851.7,O01731
2024-07-01,3247.48,O09320
2024-07-01,2786.09,O03400
2024-07-01,2545.29,O07051
2024-07-01,2625.71,O05472
2024-07-01,3501.34,O06999
2024-07-01,3148.03,O06174
2024-07-01,2536.29,O04983
2024-07-01,2987.9,O09567
2024-07-01,2393.27,O08558
2024-07-01,3038.82,O05714
2024-07-01,2668.25,O08162
2024-07-01,3019.66,O03400
2024-07-01,3283.32,O03920
2024-07-01,3040.98,O09698
2024-07-01,3002.4,O05704
2024-07-01,2965.4,O09682
2024-07-01,2706.47,O07181
2024-07-01,3844.33,O04293
2024-07-01,3114.25,O08098
2024-08-01,3157.53,O05190
2024-08-01,3237.75,O09589
2024-08-01,2518.48,O02447
2024-08-01,2897.73,O09711
2024-08-01,3032.15,O09163
2024-08-01,3157.86,O06094
2024-08-01,2804.59,O08097
2024-08-01,2914.77,O07653
2024-08-01,3577.5,O08417
2024-08-01,3013.95,O01097
2024-08-01,3019.19,O09912
2024-08-01,3331.8,O04323
2024-08-01,2901.32,O03783
2024-08-01,3293.58,O08375
2024-08-01,2838.51,O09787
2024-08-01,2525.61,O00165
2024-08-01,3211.26,O06276
2024-08-01,3216.37,O07050
2024-08-01,3438.54,O07124
2024-08-01,3070.9,O05921
2024-09-01,1617.05,O03414
2024-09-01,2131.66,O08887
2024-09-01,1930.55,O04468
2024-09-01,1505.49,O02253
2024-09-01,1485.65,O04217
2024-09-01,2519.17,O04800
2024-09-01,2308.74,O02443
2024-09-01,2326.32,O08518
2024-09-01,2180.92,O02815
2024-09-01,1809.04,O03440
2024-09-01,2228.66,O00396
2024-09-01,1507.27,O07990
2024-09-01,2083.22,O05114
2024-09-01,1833.15,O06226
2024-09-01,2241.39,O06041
2024-09-01,1750.32,O05039
2024-09-01,2166.8,O02933
2024-09-01,2293.01,O09732
2024-09-01,2162.3,O00160
2024-09-01,2119.87,O04829
