date,region,product,revenue,units,customer_id
2023-01-01,North,Alpha,16035.4,178,C0035
2023-01-01,North,Beta,15215.45,154,C0279
2023-01-01,North,Gamma,17086.44,165,C0205
2023-01-01,South,Alpha,16605.08,167,C0052
2023-01-01,South,Beta,15873.05,171,C0218
2023-01-01,South,Gamma,15040.26,162,C0177
2023-01-01,East,Alpha,16498.39,156,C0066
2023-01-01,East,Beta,15094.95,171,C0303
2023-01-01,East,Gamma,15568.71,151,C0304
2023-01-01,West,Alpha,17527.88,176,C0078
2023-01-01,West,Beta,17586.71,197,C0147
2023-01-01,West,Gamma,16737.96,162,C0387
2023-02-01,North,Alpha,18298.72,171,C0274
2023-02-01,North,Beta,16540.61,180,C0190
2023-02-01,North,Gamma,17951.57,179,C0307
2023-02-01,South,Alpha,17003.85,171,C0333
2023-02-01,South,Beta,17683.11,171,C0333
2023-02-01,South,Gamma,16959.65,172,C0080
2023-02-01,East,Alpha,15986.51,169,C0222
2023-02-01,East,Beta,16722.96,169,C0184
2023-02-01,East,Gamma,18643.4,162,C0262
2023-02-01,West,Alpha,14682.4,151,C0188
2023-02-01,West,Beta,15511.4,158,C0318
2023-02-01,West,Gamma,14669.94,144,C0122
2023-03-01,North,Alpha,17352.47,159,C0014
2023-03-01,North,Beta,16697.14,181,C0094
2023-03-01,North,Gamma,17652.83,183,C0051
2023-03-01,South,Alpha,17388.24,164,C0223
2023-03-01,South,Beta,17236.3,160,C0134
2023-03-01,South,Gamma,16481.64,153,C0010
2023-03-01,East,Alpha,16731.18,171,C0375
2023-03-01,East,Beta,17555.52,179,C0061
2023-03-01,East,Gamma,17065.0,166,C0273
2023-03-01,West,Alpha,13676.93,133,C0252
2023-03-01,West,Beta,14081.81,154,C0198
2023-03-01,West,Gamma,14638.99,165,C0280
2023-04-01,North,Alpha,16974.17,151,C0295
2023-04-01,North,Beta,15455.38,159,C0109
2023-04-01,North,Gamma,17066.68,142,C0288
2023-04-01,South,Alpha,16369.67,151,C0123
2023-04-01,South,Beta,16969.32,162,C0265
2023-04-01,South,Gamma,16924.07,188,C0173
2023-04-01,East,Alpha,15506.16,166,C0314
2023-04-01,East,Beta,17650.58,174,C0017
2023-04-01,East,Gamma,16748.49,181,C0070
2023-04-01,West,Alpha,15193.0,155,C0235
2023-04-01,West,Beta,14787.9,167,C0118
2023-04-01,West,Gamma,14703.19,148,C0010
2023-05-01,North,Alpha,17734.49,193,C0268
2023-05-01,North,Beta,17353.15,157,C0196
2023-05-01,North,Gamma,15061.34,173,C0381
2023-05-01,South,Alpha,15700.42,160,C0133
2023-05-01,South,Beta,17210.69,164,C0217
2023-05-01,South,Gamma,15319.22,142,C0056
2023-05-01,East,Alpha,16131.95,183,C0375
2023-05-01,East,Beta,17064.82,155,C0307
2023-05-01,East,Gamma,15113.91,150,C0057
2023-05-01,West,Alpha,18055.89,198,C0222
2023-05-01,West,Beta,17982.5,199,C0254
2023-05-01,West,Gamma,18654.16,187,C0117
2023-06-01,North,Alpha,16413.34,154,C0120
2023-06-01,North,Beta,14861.74,162,C0174
2023-06-01,North,Gamma,17433.06,162,C0090
2023-06-01,South,Alpha,18127.89,172,C0357
2023-06-01,South,Beta,16582.66,182,C0354
2023-06-01,South,Gamma,18334.67,171,C0038
2023-06-01,East,Alpha,14210.85,174,C0027
2023-06-01,East,Beta,15280.63,149,C0332
2023-06-01,East,Gamma,16757.5,141,C0112
2023-06-01,West,Alpha,16954.85,173,C0124
2023-06-01,West,Beta,17162.89,177,C0070
2023-06-01,West,Gamma,17391.52,180,C0092
2023-07-01,North,Alpha,14572.65,136,C0306
2023-07-01,North,Beta,13826.16,142,C0232
2023-07-01,North,Gamma,15440.81,130,C0330
2023-07-01,South,Alpha,15887.59,173,C0053
2023-07-01,South,Beta,16666.8,177,C0208
2023-07-01,South,Gamma,15556.15,159,C0115
2023-07-01,East,Alpha,17068.08,156,C0289
2023-07-01,East,Beta,17114.57,199,C0056
2023-07-01,East,Gamma,18598.32,158,C0295
2023-07-01,West,Alpha,14671.59,155,C0321
2023-07-01,West,Beta,16288.49,143,C0100
2023-07-01,West,Gamma,13270.66,150,C0318
2023-08-01,North,Alpha,15127.76,145,C0046
2023-08-01,North,Beta,14022.3,138,C0261
2023-08-01,North,Gamma,17520.57,140,C0397
2023-08-01,South,Alpha,21118.14,170,C0298
2023-08-01,South,Beta,18172.16,189,C0077
2023-08-01,South,Gamma,17615.41,182,C0330
2023-08-01,East,Alpha,17835.29,169,C0231
2023-08-01,East,Beta,16206.6,171,C0062
2023-08-01,East,Gamma,17204.26,177,C0332
2023-08-01,West,Alpha,18049.65,173,C0022
2023-08-01,West,Beta,17454.79,172,C0294
2023-08-01,West,Gamma,16488.8,175,C0350
2023-09-01,North,Alpha,18453.23,184,C0379
2023-09-01,North,Beta,15882.63,152,C0167
2023-09-01,North,Gamma,17641.41,168,C0162
2023-09-01,South,Alpha,15756.78,154,C0370
2023-09-01,South,Beta,13922.69,143,C0232
2023-09-01,South,Gamma,14969.3,145,C0312
2023-09-01,East,Alpha,16336.4,167,C0386
2023-09-01,East,Beta,14253.19,162,C0343
2023-09-01,East,Gamma,16722.04,169,C0025
2023-09-01,West,Alpha,15205.14,169,C0056
2023-09-01,West,Beta,13529.47,159,C0295
2023-09-01,West,Gamma,14854.75,136,C0131
2023-10-01,North,Alpha,17502.25,170,C0341
2023-10-01,North,Beta,17391.88,168,C0192
2023-10-01,North,Gamma,17901.75,168,C0081
2023-10-01,South,Alpha,16429.99,155,C0321
2023-10-01,South,Beta,17260.72,149,C0239
2023-10-01,South,Gamma,16198.51,177,C0278
2023-10-01,East,Alpha,19056.12,182,C0209
2023-10-01,East,Beta,17357.28,160,C0374
2023-10-01,East,Gamma,16951.08,192,C0178
2023-10-01,West,Alpha,15055.39,160,C0313
2023-10-01,West,Beta,14872.83,151,C0208
2023-10-01,West,Gamma,15380.65,173,C0246
2023-11-01,North,Alpha,15213.27,176,C0291
2023-11-01,North,Beta,17647.93,192,C0305
2023-11-01,North,Gamma,15418.51,165,C0338
2023-11-01,South,Alpha,16413.43,155,C0048
2023-11-01,South,Beta,15847.0,143,C0084
2023-11-01,South,Gamma,16046.7,153,C0268
2023-11-01,East,Alpha,17144.38,158,C0213
2023-11-01,East,Beta,16763.8,173,C0126
2023-11-01,East,Gamma,17800.91,156,C0295
2023-11-01,West,Alpha,17478.89,171,C0153
2023-11-01,West,Beta,18330.2,191,C0056
2023-11-01,West,Gamma,19344.19,191,C0151
2023-12-01,North,Alpha,18007.19,203,C0351
2023-12-01,North,Beta,15705.32,194,C0255
2023-12-01,North,Gamma,17096.56,176,C0039
2023-12-01,South,Alpha,13937.92,131,C0182
2023-12-01,South,Beta,14349.68,155,C0206
2023-12-01,South,Gamma,15313.05,133,C0367
2023-12-01,East,Alpha,14405.48,137,C0311
2023-12-01,East,Beta,14988.32,145,C0334
2023-12-01,East,Gamma,15040.68,146,C0345
2023-12-01,West,Alpha,15800.34,161,C0012
2023-12-01,West,Beta,16700.47,154,C0116
2023-12-01,West,Gamma,15722.74,158,C0262
2024-01-01,North,Alpha,15702.43,159,C0385
2024-01-01,North,Beta,15395.93,166,C0096
2024-01-01,North,Gamma,18170.68,171,C0048
2024-01-01,South,Alpha,18950.8,176,C0309
2024-01-01,South,Beta,18974.11,178,C0035
2024-01-01,South,Gamma,17220.92,159,C0340
2024-01-01,East,Alpha,15456.32,167,C0209
2024-01-01,East,Beta,14534.57,162,C0392
2024-01-01,East,Gamma,14842.04,163,C0088
2024-01-01,West,Alpha,15671.23,141,C0353
2024-01-01,West,Beta,14355.25,135,C0237
2024-01-01,West,Gamma,15220.86,146,C0183
2024-02-01,North,Alpha,17321.06,185,C0216
2024-02-01,North,Beta,15666.16,182,C0121
2024-02-01,North,Gamma,16696.99,183,C0064
2024-02-01,South,Alpha,16849.43,188,C0060
2024-02-01,South,Beta,18404.81,166,C0379
2024-02-01,South,Gamma,17504.15,155,C0111
2024-02-01,East,Alpha,16976.46,173,C0062
2024-02-01,East,Beta,15569.13,145,C0164
2024-02-01,East,Gamma,15994.09,164,C0120
2024-02-01,West,Alpha,19599.29,174,C0167
2024-02-01,West,Beta,18916.84,181,C0219
2024-02-01,West,Gamma,18770.69,193,C0259
2024-03-01,North,Alpha,17284.87,149,C0212
2024-03-01,North,Beta,18665.31,165,C0250
2024-03-01,North,Gamma,17617.3,164,C0052
2024-03-01,South,Alpha,16456.52,156,C0368
2024-03-01,South,Beta,16997.15,155,C0154
2024-03-01,South,Gamma,17161.12,174,C0198
2024-03-01,East,Alpha,18081.83,174,C0226
2024-03-01,East,Beta,17474.15,188,C0134
2024-03-01,East,Gamma,16103.69,173,C0175
2024-03-01,West,Alpha,16399.08,162,C0331
2024-03-01,West,Beta,14524.07,133,C0203
2024-03-01,West,Gamma,14682.46,180,C0146
2024-04-01,North,Alpha,16597.94,176,C0058
2024-04-01,North,Beta,16833.96,172,C0282
2024-04-01,North,Gamma,17024.06,180,C0302
2024-04-01,South,Alpha,16715.46,184,C0210
2024-04-01,South,Beta,18801.04,161,C0080
2024-04-01,South,Gamma,18537.2,171,C0335
2024-04-01,East,Alpha,17672.21,198,C0334
2024-04-01,East,Beta,18302.89,199,C0302
2024-04-01,East,Gamma,17744.89,169,C0098
2024-04-01,West,Alpha,15709.82,178,C0362
2024-04-01,West,Beta,16634.11,184,C0289
2024-04-01,West,Gamma,16411.09,150,C0197
2024-05-01,North,Alpha,16063.34,156,C0163
2024-05-01,North,Beta,15697.17,160,C0268
2024-05-01,North,Gamma,14932.75,166,C0352
2024-05-01,South,Alpha,17552.58,174,C0136
2024-05-01,South,Beta,18883.27,169,C0172
2024-05-01,South,Gamma,16373.53,158,C0363
2024-05-01,East,Alpha,14622.28,153,C0399
2024-05-01,East,Beta,15468.22,145,C0367
2024-05-01,East,Gamma,16232.36,163,C0104
2024-05-01,West,Alpha,16507.34,162,C0010
2024-05-01,West,Beta,14710.44,159,C0166
2024-05-01,West,Gamma,15204.03,162,C0111
2024-06-01,North,Alpha,16414.41,167,C0393
2024-06-01,North,Beta,15538.95,123,C0304
2024-06-01,North,Gamma,14171.13,148,C0184
2024-06-01,South,Alpha,19178.63,159,C0346
2024-06-01,South,Beta,16627.35,176,C0167
2024-06-01,South,Gamma,16280.93,176,C0387
2024-06-01,East,Alpha,17001.38,169,C0203
2024-06-01,East,Beta,18019.44,194,C0311
2024-06-01,East,Gamma,18705.46,163,C0097
2024-06-01,West,Alpha,17236.13,153,C0165
2024-06-01,West,Beta,15516.17,167,C0178
2024-06-01,West,Gamma,16492.42,140,C0329
2024-07-01,North,Alpha,16273.82,174,C0305
2024-07-01,North,Beta,17606.39,162,C0285
2024-07-01,North,Gamma,16050.33,180,C0153
2024-07-01,South,Alpha,6924.5,50,C0020
2024-07-01,South,Beta,5647.34,59,C0105
2024-07-01,South,Gamma,6042.46,49,C0271
2024-07-01,East,Alpha,17481.41,150,C0166
2024-07-01,East,Beta,17704.87,193,C0341
2024-07-01,East,Gamma,15890.29,139,C0180
2024-07-01,West,Alpha,16209.51,150,C0159
2024-07-01,West,Beta,16902.05,170,C0180
2024-07-01,West,Gamma,17009.72,188,C0287
2024-08-01,North,Alpha,16535.03,166,C0048
2024-08-01,North,Beta,15281.02,170,C0230
2024-08-01,North,Gamma,16487.21,190,C0138
2024-08-01,South,Alpha,5423.73,71,C0054
2024-08-01,South,Beta,6704.55,53,C0385
2024-08-01,South,Gamma,7508.36,60,C0254
2024-08-01,East,Alpha,14958.9,138,C0392
2024-08-01,East,Beta,14901.28,129,C0114
2024-08-01,East,Gamma,13520.61,155,C0123
2024-08-01,West,Alpha,14808.28,144,C0212
2024-08-01,West,Beta,13459.43,125,C0120
2024-08-01,West,Gamma,14416.34,169,C0129
2024-09-01,North,Alpha,17435.79,168,C0254
2024-09-01,North,Beta,17649.43,185,C0175
2024-09-01,North,Gamma,16617.66,165,C0188
2024-09-01,South,Alpha,7458.65,55,C0074
2024-09-01,South,Beta,5727.82,64,C0373
2024-09-01,South,Gamma,6966.96,34,C0173
2024-09-01,East,Alpha,15135.79,130,C0229
2024-09-01,East,Beta,15016.32,155,C0027
2024-09-01,East,Gamma,16841.63,155,C0340
2024-09-01,West,Alpha,17553.97,154,C0045
2024-09-01,West,Beta,15790.19,172,C0196
2024-09-01,West,Gamma,17192.45,165,C0158
